product,total_sales
Product A,509.49
Product B,419.78999999999996
Product C,269.90999999999997
